﻿Designator,Footprint,Quantity,Value,LCSC Part #
"_2, ",74088b3c-db2f-4466-bc90-3f4e289b6004,2,,
BZ1,[device][buzzer]PKM13EPYH4000-A0,1,Buzzer,
"C1, C10, C11, C12, C13, C14, C15, C16, C2, C3, C4, C5, C6, C7, C8, C9",0603,16,0.33μF,
C17,CP_Radial_D8.0mm_P3.50mm,1,470uf,
"C18, C19, C20, C21",0805,4,10uF,
"D1, D2, D3",[D](30V200mA)BAT43,3,D,
J1,JST_XH_B10B-XH-A_1x10_P2.50mm_Vertical,1,Conn_01x10_Pin,
J2,JST_XH_B2B-XH-A_1x02_P2.50mm_Vertical,1,Conn_01x02_Pin,
J3,JST_XH_B6B-XH-A_1x06_P2.50mm_Vertical,1,Conn_01x06_Pin,
"J4, J5",JST_XH_B3B-XH-A_1x03_P2.50mm_Vertical,2,Conn_01x03_Pin,
"J6, J7",[connnector]grove,2,Conn_01x04_Pin,
"R1, R10, R11, R12, R13, R14, R15, R16, R2, R3, R4, R5, R6, R7, R8, R9",0603,16,39k,
"R17, R18, R19, R20",1206,4,10k,
"R21, R22, R23",1206,3,1k,
"U1, U10, U11, U12, U13, U14, U15, U16, U2, U3, U4, U5, U6, U7, U8, U9",[device][sensor]tssp58038,16,tssp58038,
U17,[module](accelemator)KXTC9-2050,1,~,
U18,[module]BNO055,1,~,
U19,[micon]teensy4.1,1,Teensy 4.1,
U20,[micon]ESP32C3,1,Seeed Studio XIAO ESP32C3,
"U21, U22",SOT-23,2,~,
"U23, U24",SOT-223-3_TabPin2,2,~,
