﻿Designator,Footprint,Quantity,Value,LCSC Part #
C1,CP_Elec_5x5.4,1,47uF,
"C10, C6, C7, C8",0805,4,0.1uF,
"C11, C12",0603,2,0.33μF,
"C2, C3",[C]1206-3216,2,1uF,
"C4, C5",CP_Radial_D16.0mm_P7.50mm,2,50V2200uF,
C9,0805,1,0.47uF,
"D1, D2",D_SOD-323_HandSoldering,2,60V2A,
"J1, J2, J3",JST_XH_B2B-XH-A_1x02_P2.50mm_Vertical,3,Conn_01x02_Pin,
"J4, J5",JST_XH_B3B-XH-A_1x03_P2.50mm_Vertical,2,Conn_01x03_Pin,
L1,L_Radial_D12.0mm_P5.00mm_Neosid_SD12_style2,1,33uF4.8A,
Q1,[TO]TO-252,1,NMOS,
Q2,[TO]SOT-23,1,NMOS,
R1,[R]1206-3216,1,1k,
R2,[R]1206-3216,1,36k,
"R3, R4, R6",[R]1206-3216,3,10k,
R5,[R]1206-3216,1,100k,
"R7, R8",0603,2,39k,
"U1, U4",SO-6_4.4x3.6mm_P1.27mm,2,TLP2361,
"U10, U5, U6, U9",[pad]small,4,~,
"U2, U3",SOT-23-5_HandSoldering,2,~,
"U7, U8",[device][sensor]tssp58038,2,tssp58038,
XL1,[module]XL6009,1,~,
XL6009E1,[device]XL6009E1,1,~,
