﻿Designator,Footprint,Quantity,Value,LCSC Part #
10UF,0805,1,10uF,
22UF,0805,1,22uF,
C1,CP_Radial_D12.5mm_P5.00mm,1,1000μF-35V,
"C2, C4",0805,2,22μ,
"C3, C5",0805,2,10μ,
D1,0603,1,LED,
F1,[other]mini-fuse-holder,1,Fuse-15A,
J1,[hole]vin,1,from-battery,
J2,AMASS_XT30U-M_1x02_P5.0mm_Vertical,1,Conn_01x02_Pin,
J3,JST_XH_B10B-XH-A_1x10_P2.50mm_Vertical,1,Conn_01x10_Pin,
"OKLT6W12C1, OKLT6W12C2",[device][DCDC]OKL-T6-W12,2,~,
R1,1206,1,10k,
"R10, R15",1206,2,1k,
"R11, R16",1206,2,330,
"R12, R17",1206,2,10,
"R13, R18",1206,2,1.2k,
"R14, R9",1206,2,20k,
R19,1206,1,75,
"R2, R3, R4, R5, R6, R7, R8",1206,7,100k,
SW1,[hole]2p,1,sw_B,
SW2,[device][sw](toggle5p)2MS1-T1-B4-VS2-Q-E-S,1,motor-start,
SW3,[device][sw](toggle5p)2MS1-T1-B4-VS2-Q-E-S,1,move_at-gk,
SW4,[device][sw](toggle5p)2MS1-T1-B4-VS2-Q-E-S,1,goal_blue-yellow,
SW5,[device][sw](toggle5p)2MS1-T1-B4-VS2-Q-E-S,1,NeoPixel_on-off,
SW6,[device][sw](tact)(2pVertical)TVBP06-b043CW-B,1,sw_A,
SW7,[device][sw](tact)(2pVertical)TVBP06-b043CW-B,1,sw_B,
SW8,[device][sw](tact)(2pVertical)TVBP06-b043CW-B,1,sw_C,
U2,TO-252-2,1,~,
